{
  "seed_42": {
    "within_cifar": {
      "auroc": 0.9897736111111111,
      "fpr95": 0.047,
      "threshold_95": 0.0006071552634239197,
      "aupr": 0.9987205196853038
    },
    "svhn": {
      "auroc": 0.9049545559311617,
      "fpr95": 0.271,
      "threshold_95": -0.0005268007516860962,
      "aupr": 0.9938350994146532
    },
    "cifar100": {
      "auroc": 0.96973205,
      "fpr95": 0.148,
      "threshold_95": -5.589798092842102e-05,
      "aupr": 0.996484298326832
    },
    "textures": {
      "auroc": 0.9283893617021277,
      "fpr95": 0.301,
      "threshold_95": -0.0006248238496482372,
      "aupr": 0.9597424162768379
    },
    "fashionmnist": {
      "auroc": 0.9403815,
      "fpr95": 0.206,
      "threshold_95": -0.00029189884662628174,
      "aupr": 0.9915749023851224
    },
    "stl10": {
      "auroc": 0.952072,
      "fpr95": 0.324,
      "threshold_95": -0.000715203583240509,
      "aupr": 0.9905662649363902
    },
    "food101": {
      "auroc": 0.9926903000000001,
      "fpr95": 0.034,
      "threshold_95": 0.0008054263889789581,
      "aupr": 0.9983598391704904
    }
  },
  "seed_123": {
    "within_cifar": {
      "auroc": 0.9906097222222223,
      "fpr95": 0.047,
      "threshold_95": 0.0005384646356105804,
      "aupr": 0.9988725754399903
    },
    "svhn": {
      "auroc": 0.947025430239705,
      "fpr95": 0.182,
      "threshold_95": -0.00034430064260959625,
      "aupr": 0.9970584621950416
    },
    "cifar100": {
      "auroc": 0.9647072999999999,
      "fpr95": 0.157,
      "threshold_95": -0.00023226439952850342,
      "aupr": 0.9959183474923657
    },
    "textures": {
      "auroc": 0.9309872340425531,
      "fpr95": 0.317,
      "threshold_95": -0.0007686726748943329,
      "aupr": 0.9609185776840639
    },
    "fashionmnist": {
      "auroc": 0.92867555,
      "fpr95": 0.238,
      "threshold_95": -0.000547066330909729,
      "aupr": 0.989859497912164
    },
    "stl10": {
      "auroc": 0.9511715000000001,
      "fpr95": 0.339,
      "threshold_95": -0.0008350946009159088,
      "aupr": 0.9905066976430406
    },
    "food101": {
      "auroc": 0.9896846,
      "fpr95": 0.047,
      "threshold_95": 0.0005378499627113342,
      "aupr": 0.9977463208405429
    }
  },
  "seed_456": {
    "within_cifar": {
      "auroc": 0.9685753333333333,
      "fpr95": 0.122,
      "threshold_95": 118859.578125,
      "aupr": 0.9954548929036757
    },
    "svhn": {
      "auroc": 0.9303901352181929,
      "fpr95": 0.196,
      "threshold_95": 52332.3671875,
      "aupr": 0.9959929551440032
    },
    "cifar100": {
      "auroc": 0.9395825,
      "fpr95": 0.239,
      "threshold_95": 26609.505859375,
      "aupr": 0.992703343695277
    },
    "textures": {
      "auroc": 0.8805609042553192,
      "fpr95": 0.475,
      "threshold_95": -0.26105278730392456,
      "aupr": 0.9217807290595486
    },
    "fashionmnist": {
      "auroc": 0.9485575499999999,
      "fpr95": 0.248,
      "threshold_95": 22148.529296875,
      "aupr": 0.993837752102373
    },
    "stl10": {
      "auroc": 0.9244877,
      "fpr95": 0.46,
      "threshold_95": -0.22580403089523315,
      "aupr": 0.9829012185187946
    },
    "food101": {
      "auroc": 0.9868196999999999,
      "fpr95": 0.055,
      "threshold_95": 151039.5625,
      "aupr": 0.9964933952768238
    }
  },
  "aggregated": {
    "stl10": {
      "auroc_mean": 0.9425770666666667,
      "auroc_std": 0.012796395712942863,
      "fpr95_mean": 0.37433333333333335,
      "fpr95_std": 0.060884225287745015,
      "aupr_mean": 0.9879913936994086,
      "aupr_std": 0.003599379538440113
    },
    "within_cifar": {
      "auroc_mean": 0.9829862222222223,
      "auroc_std": 0.010195752689999794,
      "fpr95_mean": 0.072,
      "fpr95_std": 0.035355339059327376,
      "aupr_mean": 0.9976826626763232,
      "aupr_std": 0.0015764937589632167
    },
    "textures": {
      "auroc_mean": 0.9133125,
      "auroc_std": 0.023183147658612322,
      "fpr95_mean": 0.36433333333333334,
      "fpr95_std": 0.0785252967025418,
      "aupr_mean": 0.9474805743401502,
      "aupr_std": 0.01817887738556491
    },
    "fashionmnist": {
      "auroc_mean": 0.9392048666666666,
      "auroc_std": 0.008159323113299364,
      "fpr95_mean": 0.23066666666666666,
      "fpr95_std": 0.017913371790059206,
      "aupr_mean": 0.9917573841332198,
      "aupr_std": 0.0016292332126433887
    },
    "food101": {
      "auroc_mean": 0.9897315333333333,
      "auroc_std": 0.0023968921743699914,
      "fpr95_mean": 0.04533333333333334,
      "fpr95_std": 0.008653836657164779,
      "aupr_mean": 0.9975331850959525,
      "aupr_std": 0.0007767339039284923
    },
    "cifar100": {
      "auroc_mean": 0.9580072833333334,
      "auroc_std": 0.013188795972360598,
      "fpr95_mean": 0.18133333333333335,
      "fpr95_std": 0.040941692957451356,
      "aupr_mean": 0.9950353298381582,
      "aupr_std": 0.0016650714928997119
    },
    "svhn": {
      "auroc_mean": 0.9274567071296866,
      "auroc_std": 0.01730016120414567,
      "fpr95_mean": 0.21633333333333335,
      "fpr95_std": 0.039075425639254265,
      "aupr_mean": 0.9956288389178992,
      "aupr_std": 0.0013408833837144738
    }
  }
}