{
  "within_cifar": {
    "K_1": {
      "auroc": 0.9099963333333333,
      "fpr95": 0.408,
      "aupr": 0.9877430518385415,
      "time_seconds": 97.9178569316864,
      "time_per_sample": 0.00979178569316864
    },
    "K_5": {
      "auroc": 0.9723531666666667,
      "fpr95": 0.143,
      "aupr": 0.9965687036233508,
      "time_seconds": 486.27918767929077,
      "time_per_sample": 0.04862791876792908
    },
    "K_10": {
      "auroc": 0.9818831111111112,
      "fpr95": 0.094,
      "aupr": 0.9977866960333261,
      "time_seconds": 972.8749701976776,
      "time_per_sample": 0.09728749701976776
    },
    "K_25": {
      "auroc": 0.9852172222222222,
      "fpr95": 0.073,
      "aupr": 0.9982216447717311,
      "time_seconds": 2431.8085684776306,
      "time_per_sample": 0.24318085684776305
    },
    "K_50": {
      "auroc": 0.9863586666666667,
      "fpr95": 0.066,
      "aupr": 0.998352408323816,
      "time_seconds": 4861.0760996341705,
      "time_per_sample": 0.48610760996341706
    },
    "K_100": {
      "auroc": 0.986868,
      "fpr95": 0.066,
      "aupr": 0.9983996289418777,
      "time_seconds": 9723.567284822464,
      "time_per_sample": 0.9723567284822464
    }
  },
  "svhn": {}
}