{
  "within_cifar": {
    "difference": {
      "auroc": 0.9869498333333332,
      "fpr95": 0.063,
      "aupr": 0.9984283144808994
    },
    "ratio": {
      "auroc": 0.9862080555555556,
      "fpr95": 0.066,
      "aupr": 0.9982978617155271
    },
    "id_error": {
      "auroc": 0.7830467777777776,
      "fpr95": 0.67,
      "aupr": 0.9653815554396192
    }
  },
  "svhn": {
    "difference": {
      "auroc": 0.9413390058389677,
      "fpr95": 0.196,
      "aupr": 0.9966887629225921
    },
    "ratio": {
      "auroc": 0.9606347572218807,
      "fpr95": 0.225,
      "aupr": 0.9983185536493355
    },
    "id_error": {
      "auroc": 0.2023230831284573,
      "fpr95": 0.965,
      "aupr": 0.908071538261028
    }
  }
}