{
  "weights": [
    0.0,
    0.001,
    0.01,
    0.05,
    0.1
  ],
  "within_cifar": {
    "0.01": {
      "auroc": 0.9865895000000001,
      "fpr95": 0.064
    }
  },
  "svhn": {
    "0.01": {
      "auroc": 0.8943492240319606,
      "fpr95": 0.285
    }
  }
}