{
  "within_cifar": {
    "uniform": {
      "auroc": 0.9886852222222222,
      "fpr95": 0.054,
      "aupr": 0.9986370983243654
    },
    "mid_focus": {
      "auroc": 0.9854892222222222,
      "fpr95": 0.076,
      "aupr": 0.9982258725401427
    },
    "stratified": {
      "auroc": 0.9881399444444445,
      "fpr95": 0.059,
      "aupr": 0.9985863517967093
    }
  },
  "svhn": {
    "uniform": {
      "auroc": 0.9543605562384757,
      "fpr95": 0.146,
      "aupr": 0.9974213022601522
    },
    "mid_focus": {
      "auroc": 0.9380184004302397,
      "fpr95": 0.197,
      "aupr": 0.996371581168088
    },
    "stratified": {
      "auroc": 0.9498002650583898,
      "fpr95": 0.163,
      "aupr": 0.9972195075319602
    }
  },
  "per_timestep": {
    "timesteps": [
      50,
      100,
      150,
      200,
      250,
      300,
      350,
      400,
      450,
      500,
      550,
      600,
      650,
      700,
      750,
      800,
      850,
      900,
      950
    ],
    "id": {
      "c0_t50": {
        "mean": 0.16123446822166443,
        "std": 0.05786355584859848
      },
      "c0_t100": {
        "mean": 0.10442730039358139,
        "std": 0.03873381391167641
      },
      "c0_t150": {
        "mean": 0.0775127112865448,
        "std": 0.02978641912341118
      },
      "c0_t200": {
        "mean": 0.06270774453878403,
        "std": 0.024262018501758575
      },
      "c0_t250": {
        "mean": 0.05240098759531975,
        "std": 0.02019326575100422
      },
      "c0_t300": {
        "mean": 0.04459163546562195,
        "std": 0.01662287674844265
      },
      "c0_t350": {
        "mean": 0.03879544511437416,
        "std": 0.014503664337098598
      },
      "c0_t400": {
        "mean": 0.033743977546691895,
        "std": 0.01320528332144022
      },
      "c0_t450": {
        "mean": 0.029082385823130608,
        "std": 0.010959829203784466
      },
      "c0_t500": {
        "mean": 0.026250595226883888,
        "std": 0.009717644192278385
      },
      "c0_t550": {
        "mean": 0.022424820810556412,
        "std": 0.008256726898252964
      },
      "c0_t600": {
        "mean": 0.019210368394851685,
        "std": 0.006838190834969282
      },
      "c0_t650": {
        "mean": 0.01615460403263569,
        "std": 0.006200442556291819
      },
      "c0_t700": {
        "mean": 0.013310677371919155,
        "std": 0.005098859779536724
      },
      "c0_t750": {
        "mean": 0.010465993545949459,
        "std": 0.0037172066513448954
      },
      "c0_t800": {
        "mean": 0.008377683348953724,
        "std": 0.0031924911309033632
      },
      "c0_t850": {
        "mean": 0.005653513129800558,
        "std": 0.002224632538855076
      },
      "c0_t900": {
        "mean": 0.003275742521509528,
        "std": 0.0013118572533130646
      },
      "c0_t950": {
        "mean": 0.0013495800085365772,
        "std": 0.0005494702490977943
      },
      "c1_t50": {
        "mean": 0.1606561243534088,
        "std": 0.05567626282572746
      },
      "c1_t100": {
        "mean": 0.10685943067073822,
        "std": 0.03887505829334259
      },
      "c1_t150": {
        "mean": 0.07943448424339294,
        "std": 0.029171813279390335
      },
      "c1_t200": {
        "mean": 0.06453787535429001,
        "std": 0.023446492850780487
      },
      "c1_t250": {
        "mean": 0.05437518656253815,
        "std": 0.0198157150298357
      },
      "c1_t300": {
        "mean": 0.04662742465734482,
        "std": 0.01747937500476837
      },
      "c1_t350": {
        "mean": 0.040038056671619415,
        "std": 0.014310726895928383
      },
      "c1_t400": {
        "mean": 0.034622400999069214,
        "std": 0.012737436220049858
      },
      "c1_t450": {
        "mean": 0.030930055305361748,
        "std": 0.012175540439784527
      },
      "c1_t500": {
        "mean": 0.02622835338115692,
        "std": 0.00925239734351635
      },
      "c1_t550": {
        "mean": 0.02286655828356743,
        "std": 0.008599987253546715
      },
      "c1_t600": {
        "mean": 0.019960874691605568,
        "std": 0.007759998086839914
      },
      "c1_t650": {
        "mean": 0.017022253945469856,
        "std": 0.006253428291529417
      },
      "c1_t700": {
        "mean": 0.013848936185240746,
        "std": 0.005125450901687145
      },
      "c1_t750": {
        "mean": 0.010915481485426426,
        "std": 0.003997159190475941
      },
      "c1_t800": {
        "mean": 0.008292279206216335,
        "std": 0.0029704829212278128
      },
      "c1_t850": {
        "mean": 0.0059583126567304134,
        "std": 0.002324610250070691
      },
      "c1_t900": {
        "mean": 0.0035888850688934326,
        "std": 0.0013977768830955029
      },
      "c1_t950": {
        "mean": 0.001462708692997694,
        "std": 0.00044951261952519417
      }
    },
    "ood": {
      "c0_t50": {
        "mean": 0.22906392812728882,
        "std": 0.06499648094177246
      },
      "c0_t100": {
        "mean": 0.15222781896591187,
        "std": 0.04274160414934158
      },
      "c0_t150": {
        "mean": 0.11631786823272705,
        "std": 0.03303564339876175
      },
      "c0_t200": {
        "mean": 0.09286506474018097,
        "std": 0.026360269635915756
      },
      "c0_t250": {
        "mean": 0.07722136378288269,
        "std": 0.022630464285612106
      },
      "c0_t300": {
        "mean": 0.06502427160739899,
        "std": 0.0195158738642931
      },
      "c0_t350": {
        "mean": 0.05567947402596474,
        "std": 0.016512945294380188
      },
      "c0_t400": {
        "mean": 0.04731416702270508,
        "std": 0.013769409619271755
      },
      "c0_t450": {
        "mean": 0.04148917272686958,
        "std": 0.012854596599936485
      },
      "c0_t500": {
        "mean": 0.034694258123636246,
        "std": 0.010574056766927242
      },
      "c0_t550": {
        "mean": 0.03002982586622238,
        "std": 0.009448406286537647
      },
      "c0_t600": {
        "mean": 0.025195691734552383,
        "std": 0.007569901645183563
      },
      "c0_t650": {
        "mean": 0.020711131393909454,
        "std": 0.007039411459118128
      },
      "c0_t700": {
        "mean": 0.016733329743146896,
        "std": 0.00529054319486022
      },
      "c0_t750": {
        "mean": 0.013030176982283592,
        "std": 0.004108891822397709
      },
      "c0_t800": {
        "mean": 0.009448970668017864,
        "std": 0.0030608815141022205
      },
      "c0_t850": {
        "mean": 0.00628605717793107,
        "std": 0.002177068032324314
      },
      "c0_t900": {
        "mean": 0.003598423209041357,
        "std": 0.0012530161766335368
      },
      "c0_t950": {
        "mean": 0.0013986843405291438,
        "std": 0.0004934321623295546
      },
      "c1_t50": {
        "mean": 0.22520293295383453,
        "std": 0.06432735174894333
      },
      "c1_t100": {
        "mean": 0.1499990075826645,
        "std": 0.04188496619462967
      },
      "c1_t150": {
        "mean": 0.11321725696325302,
        "std": 0.03249520808458328
      },
      "c1_t200": {
        "mean": 0.08936502039432526,
        "std": 0.025120839476585388
      },
      "c1_t250": {
        "mean": 0.07322543114423752,
        "std": 0.021838413551449776
      },
      "c1_t300": {
        "mean": 0.06204748898744583,
        "std": 0.018268465995788574
      },
      "c1_t350": {
        "mean": 0.05241883546113968,
        "std": 0.01606724224984646
      },
      "c1_t400": {
        "mean": 0.0449826605618,
        "std": 0.01481825951486826
      },
      "c1_t450": {
        "mean": 0.03945695608854294,
        "std": 0.012820725329220295
      },
      "c1_t500": {
        "mean": 0.0332314670085907,
        "std": 0.010059903375804424
      },
      "c1_t550": {
        "mean": 0.02762959897518158,
        "std": 0.009240682236850262
      },
      "c1_t600": {
        "mean": 0.023351749405264854,
        "std": 0.007416155654937029
      },